OBJECTID,INODE,JNODE,LENGTH,LANES
1,12358,12351,0.08000000000,1
2,11093,11092,0.53000000000,2
3,11093,11095,0.20000000000,2
4,11713,14794,0.37000000000,5
5,14736,14735,0.12000000000,2
6,12339,12346,0.38000000000,1
7,12365,14051,0.54000000000,3
8,14772,14783,0.08000000000,1
9,12647,12666,0.10000000000,2
10,11272,11293,0.11000000000,1
11,14718,14763,0.13000000000,3
12,11256,11252,0.06000000000,1
13,11314,11269,0.09000000000,1
14,11506,11503,0.27000000000,2
15,11506,11505,0.48000000000,2
16,12081,11966,0.33000000000,3
17,11248,11214,0.11000000000,1
18,12447,12557,0.47000000000,1
19,11771,11790,0.11000000000,1
20,11104,11101,0.50000000000,2
21,12685,12688,0.07000000000,1
22,11832,11963,0.49000000000,3
23,14789,14785,0.12000000000,4
24,2169,2209,0.19000000000,5
25,14755,14754,0.10000000000,5
26,11731,11730,0.08000000000,1
27,11731,11732,0.05000000000,2
28,11294,11289,0.19000000000,1
29,12693,12843,0.50000000000,2
30,11086,11089,0.41000000000,2
31,11664,14766,0.21000000000,4
32,11105,11103,0.24000000000,2
33,11105,11108,0.19000000000,2
34,12348,12389,0.15000000000,2
35,12524,12521,0.50000000000,2
36,12524,12528,0.08000000000,2
37,12687,12679,0.12000000000,1
38,11877,15258,0.11000000000,2
39,15211,15214,0.23000000000,5
40,11319,11320,0.25000000000,1
41,11319,11321,0.21000000000,1
42,10990,11046,0.22000000000,3
43,2520,2533,0.12000000000,3
44,14713,10868,0.75000000000,4
45,11717,11753,0.20000000000,2
46,11260,11216,0.13000000000,1
47,11974,12038,0.24000000000,1
48,12428,12442,0.07000000000,1
49,11171,11173,0.10000000000,2
50,12210,14463,0.23000000000,1
51,11927,11934,0.07000000000,1
52,12623,12547,0.21000000000,3
53,11368,11435,0.16000000000,1
54,11416,11448,0.06000000000,1
55,2331,2469,0.18000000000,5
56,11869,11810,0.16000000000,3
57,14061,12458,0.15000000000,1
58,12914,12821,0.76000000000,2
59,11299,11302,0.06000000000,1
60,11299,11300,0.09000000000,1
61,4979,4964,0.20000000000,2
62,11286,11381,0.24000000000,2
63,11945,11940,0.06000000000,2
64,14761,11662,0.13000000000,4
66,12466,12442,0.12000000000,1
67,11521,11520,0.03000000000,1
68,5870,5981,0.20000000000,3
69,14704,11592,0.17000000000,1
70,12145,12173,0.09000000000,3
71,14764,14745,0.08000000000,1
72,11889,11946,0.23000000000,1
73,12532,12549,0.12000000000,1
74,11602,11589,0.06000000000,1
75,11884,11920,0.15000000000,1
76,11966,11933,0.14000000000,3
77,11402,11313,0.40000000000,1
78,11269,11272,0.08000000000,1
79,11927,11920,0.03000000000,1
80,11883,11881,0.06000000000,1
81,11163,11155,0.02000000000,2
82,11883,11889,0.02000000000,1
83,11358,11294,0.18000000000,1
84,12886,12860,0.25000000000,2
85,2615,2674,0.18000000000,2
86,11355,11489,0.33000000000,3
87,12722,12718,0.35000000000,1
88,12730,12734,0.42000000000,1
89,11261,11260,0.06000000000,1
90,14468,11533,0.30000000000,1
91,11298,11297,0.18000000000,1
92,11729,11737,0.06000000000,2
93,2598,11748,0.18000000000,2
94,11098,11104,0.25000000000,2
95,11852,11826,0.13000000000,1
96,11477,11544,0.13000000000,1
97,11304,11292,0.07000000000,1
98,11735,11706,0.37000000000,4
99,11739,11748,0.10000000000,2
100,12350,12348,0.38000000000,2
101,12244,12233,0.08000000000,1
102,11157,11175,0.39000000000,2
103,12338,12240,0.26000000000,3
104,11855,14290,0.21000000000,1
105,2672,2599,0.18000000000,2
106,12446,12473,0.08000000000,2
107,15222,15232,0.39000000000,4
108,11520,11521,0.03000000000,1
109,11196,11177,0.06000000000,1
110,12484,12485,0.10000000000,1
111,11881,11883,0.06000000000,1
112,11103,11105,0.24000000000,2
113,11103,11102,0.23000000000,2
114,12182,12108,0.29000000000,2
115,11946,11974,0.16000000000,1
116,11086,11080,0.19000000000,2
117,12025,12174,0.51000000000,1
118,12389,12348,0.15000000000,2
119,11554,11335,0.52000000000,2
120,12607,12604,0.20000000000,3
121,11279,11256,0.08000000000,1
122,12480,12470,0.08000000000,1
123,12481,12519,0.15000000000,2
124,12163,12210,0.21000000000,1
125,12521,12478,0.17000000000,1
126,11931,11929,0.06000000000,2
127,14693,14694,0.13000000000,4
128,11270,11263,0.08000000000,1
129,12617,12539,0.26000000000,3
130,11267,11254,0.03000000000,1
131,12357,12254,0.35000000000,2
132,11920,11927,0.03000000000,1
133,11494,11678,0.50000000000,2
134,11726,11736,0.09000000000,2
135,11726,11732,0.11000000000,2
136,11821,11783,0.12000000000,2
137,12150,12206,0.27000000000,1
138,11292,11304,0.07000000000,1
139,12758,12725,0.13000000000,2
140,10934,11060,0.43000000000,1
141,11782,11903,0.36000000000,1
142,12203,12170,0.15000000000,1
143,15219,12035,0.18000000000,2
144,12604,12624,0.50000000000,4
145,11507,11522,0.50000000000,2
146,12486,12480,0.05000000000,1
147,12486,12489,0.07000000000,1
148,2047,11122,0.13000000000,1
149,11952,11967,0.08000000000,1
150,11822,11816,0.50000000000,3
151,11462,11488,0.43000000000,3
152,14456,11892,0.37000000000,1
153,12401,12403,0.12000000000,1
154,11544,11599,0.11000000000,1
155,12596,12619,0.12000000000,3
156,12478,12396,0.28000000000,1
157,12049,12002,0.20000000000,3
158,12174,12334,0.75000000000,1
159,12306,12296,0.12000000000,3
160,12460,12493,0.87000000000,1
161,14697,14698,0.10000000000,3
162,11987,12043,0.15000000000,2
163,11626,11620,0.08000000000,4
164,11140,11078,0.07000000000,1
165,12448,12457,0.06000000000,1
166,11489,11623,0.42000000000,3
167,12176,12201,0.12000000000,2
168,12582,12553,0.39000000000,1
169,12344,12338,0.31000000000,2
170,11890,11847,0.18000000000,1
171,14742,14747,0.17000000000,1
172,12055,12123,0.30000000000,2
173,11096,11214,0.33000000000,1
174,12014,11980,0.11000000000,1
175,11295,11294,0.14000000000,1
176,11295,11296,0.18000000000,1
177,12113,12166,0.22000000000,2
178,12703,12701,0.07000000000,1
179,12114,12104,0.32000000000,3
180,11697,11750,0.13000000000,2
181,12032,12067,0.52000000000,1
182,12339,12506,0.57000000000,3
183,11560,14716,0.10000000000,3
184,15235,15234,0.05000000000,1
185,12235,12251,0.10000000000,1
186,12033,15212,0.22000000000,2
187,12434,12446,0.10000000000,2
188,14788,11561,0.15000000000,1
189,11797,11772,0.09000000000,2
190,14716,14718,0.11000000000,3
191,11589,11582,0.10000000000,1
192,5744,5694,0.11000000000,1
193,11082,11183,0.24000000000,1
194,11111,11131,0.13000000000,2
195,11216,11260,0.13000000000,1
196,11731,11683,0.11000000000,3
197,11781,11734,0.14000000000,3
198,12916,12912,0.35000000000,2
199,12768,15240,0.03000000000,1
200,12284,12354,0.24000000000,2
201,11826,11785,0.33000000000,1
202,11984,12099,0.70000000000,3
203,12240,12229,0.08000000000,3
204,12209,12242,0.21000000000,2
205,12659,12623,0.36000000000,3
206,11272,11269,0.08000000000,1
207,12060,12038,0.16000000000,1
208,11494,11320,0.47000000000,2
209,12619,12596,0.12000000000,3
210,12504,12523,0.13000000000,1
211,11101,11104,0.50000000000,2
212,11101,11100,0.06000000000,2
213,11507,11396,0.22000000000,1
214,11008,11116,0.28000000000,2
215,11647,11613,0.18000000000,2
216,12227,12191,0.09000000000,3
217,11974,11946,0.16000000000,1
218,14047,12365,0.29000000000,3
219,14715,14711,0.10000000000,3
220,11320,11494,0.47000000000,2
221,12483,12454,0.08000000000,1
222,11091,11090,0.18000000000,2
223,11091,11092,0.10000000000,2
224,14727,14761,0.14000000000,2
225,12201,12254,0.28000000000,2
226,12219,12200,0.11000000000,1
227,12628,12635,0.14000000000,1
228,15226,12197,0.05000000000,3
229,5016,5101,0.16000000000,3
230,12426,12413,0.08000000000,1
231,14775,11520,0.07000000000,1
232,11290,11242,0.11000000000,3
233,15244,12916,0.10000000000,2
234,11582,11541,0.09000000000,1
235,5723,5738,0.15000000000,3
236,11930,11960,0.12000000000,2
237,12462,12477,0.06000000000,1
238,14791,14795,0.08000000000,1
239,11883,11859,0.10000000000,1
240,14783,11575,0.06000000000,1
241,12281,12349,0.24000000000,3
242,11111,11511,1.01000000000,2
243,12273,12253,0.08000000000,1
244,14695,14762,0.23000000000,5
245,12632,12647,0.25000000000,2
246,11263,11270,0.08000000000,1
247,12107,12109,0.57000000000,3
248,12107,12105,0.18000000000,2
249,11811,11810,0.39000000000,2
250,11811,11812,0.13000000000,2
251,12123,12176,0.25000000000,2
252,11505,11299,0.50000000000,2
253,14730,14724,0.11000000000,1
254,12346,12352,0.19000000000,1
255,5805,5811,0.26000000000,3
256,12417,12479,0.17000000000,4
257,2676,2672,0.32000000000,1
258,11892,14456,0.37000000000,1
259,11399,11416,0.04000000000,1
260,12613,12355,1.00000000000,1
261,11592,14722,0.16000000000,3
262,12629,12631,0.31000000000,1
263,11694,11497,0.60000000000,2
264,12099,12094,0.51000000000,3
265,14698,14699,0.08000000000,3
266,14781,14782,0.06000000000,1
267,12115,12217,0.46000000000,2
268,12647,12632,0.25000000000,2
269,11097,11096,0.11000000000,2
270,11097,11098,0.14000000000,2
271,15226,15228,0.06000000000,1
272,14109,14110,0.11000000000,1
273,12121,12119,0.13000000000,2
274,11790,11771,0.11000000000,1
275,14463,12503,0.92000000000,1
276,11173,11171,0.10000000000,2
277,11870,14290,0.28000000000,1
278,12475,12481,0.08000000000,1
279,11590,11660,0.28000000000,1
280,11647,11697,0.14000000000,2
281,11522,11523,0.09000000000,2
282,12110,12115,0.49000000000,3
283,12497,12609,0.49000000000,2
284,11493,4979,0.29000000000,2
285,11379,11509,0.13000000000,3
286,11493,11489,0.60000000000,2
287,11143,11205,0.13000000000,2
288,12299,12304,0.07000000000,1
289,12221,12098,0.55000000000,3
290,12635,12611,0.14000000000,2
291,14759,14752,0.07000000000,1
292,11969,11960,0.24000000000,2
293,12552,12596,0.07000000000,3
294,11740,11755,0.05000000000,2
295,12882,15241,0.38000000000,3
296,5803,5805,0.19000000000,3
297,12224,12237,0.08000000000,1
298,11838,11835,0.10000000000,2
299,11640,11690,0.36000000000,5
300,10952,11122,0.50000000000,1
301,11176,11181,0.20000000000,2
302,12066,12121,0.04000000000,2
303,12067,12108,0.32000000000,1
304,11326,11362,0.14000000000,1
305,14796,14793,0.24000000000,4
306,11810,11811,0.39000000000,2
307,12557,12563,0.04000000000,1
308,11810,11817,0.43000000000,2
309,12696,12698,0.02000000000,1
310,12696,12691,0.91000000000,1
311,12596,12552,0.07000000000,3
312,12458,12306,0.77000000000,3
313,12132,12121,0.05000000000,2
314,12393,12385,0.04000000000,1
315,11582,11589,0.10000000000,1
316,11699,11543,0.43000000000,1
317,11599,11603,0.13000000000,1
318,11936,11942,0.06000000000,2
319,12003,11981,0.09000000000,2
320,11160,11106,0.15000000000,1
321,12218,12149,0.33000000000,2
322,12635,12657,0.13000000000,2
323,11181,11226,0.20000000000,2
324,12102,12098,0.12000000000,3
325,14463,12210,0.23000000000,1
326,11910,12025,0.50000000000,1
327,12253,12273,0.08000000000,1
328,11488,11512,0.09000000000,3
329,11297,11298,0.18000000000,1
330,11721,11810,0.47000000000,3
331,11267,11268,0.12000000000,1
332,11187,14713,0.15000000000,1
333,2582,2520,0.07000000000,1
334,12495,15233,0.11000000000,1
335,12001,11970,0.11000000000,5
336,12291,12299,0.06000000000,1
337,12718,12722,0.35000000000,1
338,15209,14757,0.22000000000,2
339,11825,11712,0.30000000000,2
340,11831,11786,0.10000000000,1
341,11282,11270,0.10000000000,1
342,12549,12555,0.12000000000,1
343,12100,12104,0.12000000000,3
344,12354,12353,0.33000000000,1
345,12102,12110,0.51000000000,3
346,12515,12520,0.44000000000,1
347,11648,2635,0.07000000000,1
348,12113,12079,0.14000000000,2
349,11680,11756,0.23000000000,1
350,12402,12411,0.06000000000,1
351,11093,10932,0.50000000000,2
352,11611,14792,0.04000000000,3
353,11131,11133,0.13000000000,2
354,11946,11889,0.23000000000,1
355,11920,11884,0.15000000000,1
356,11099,11111,0.06000000000,2
357,11176,14690,0.18000000000,1
358,12344,12345,0.20000000000,2
359,11875,11870,0.41000000000,1
360,12175,12157,0.26000000000,3
361,11834,11775,0.21000000000,5
362,12413,12426,0.08000000000,1
363,12244,12261,0.07000000000,1
364,11678,11683,0.07000000000,3
365,2563,2564,0.13000000000,1
366,11155,2005,0.15000000000,1
367,11825,11837,0.21000000000,2
368,11825,11832,0.50000000000,2
369,12865,12857,0.09000000000,1
370,12071,12104,0.02000000000,1
371,11315,11279,0.05000000000,1
372,12318,12403,0.25000000000,1
373,12037,15221,0.21000000000,1
374,11348,11376,0.10000000000,1
375,11546,11533,0.63000000000,1
376,12408,12413,0.05000000000,1
377,5031,4979,0.10000000000,1
378,11578,11612,0.16000000000,2
379,14741,14742,0.08000000000,1
380,11183,11276,0.25000000000,1
381,11889,11883,0.02000000000,1
382,14710,11549,0.11000000000,2
383,11897,11936,0.12000000000,1
384,12220,12339,0.51000000000,3
385,2599,11739,0.16000000000,2
386,12513,12536,0.15000000000,1
387,12434,12419,0.08000000000,2
388,11300,11299,0.09000000000,1
389,11300,11296,0.13000000000,1
390,11678,11494,0.50000000000,2
391,11106,11160,0.15000000000,1
392,11089,11287,0.51000000000,2
393,11963,11961,0.12000000000,2
394,12348,12343,0.50000000000,2
395,12002,11964,0.18000000000,3
396,12698,12696,0.02000000000,1
397,12223,12235,0.20000000000,1
398,12432,12411,0.10000000000,1
399,12100,12099,0.12000000000,3
400,12609,12611,0.12000000000,2
401,11541,11582,0.09000000000,1
402,12564,12458,0.29000000000,3
403,14728,14737,0.08000000000,2
404,11981,11958,0.14000000000,2
405,12845,12826,0.10000000000,1
406,11458,11409,0.13000000000,1
407,12541,12543,0.16000000000,1
408,12729,12763,0.13000000000,2
409,15231,15217,0.15000000000,3
410,11494,11495,0.73000000000,2
411,11287,11089,0.51000000000,2
412,11489,14297,0.50000000000,1
413,12460,12445,0.47000000000,1
414,11204,2005,0.08000000000,1
415,11737,11742,0.05000000000,2
416,12103,12108,1.22000000000,2
417,11882,11812,0.18000000000,1
418,11290,11291,0.01000000000,1
419,11877,11905,0.09000000000,2
420,11294,11358,0.18000000000,1
421,12428,12424,0.05000000000,1
422,11759,11758,0.10000000000,5
423,12505,12520,0.08000000000,1
424,12768,12767,0.02000000000,2
425,12768,12769,0.17000000000,2
426,11732,11726,0.11000000000,2
427,11753,11772,0.09000000000,2
428,12688,12691,0.04000000000,1
429,14708,14710,0.15000000000,2
430,12456,12452,0.09000000000,1
431,11107,11106,0.08000000000,3
432,11852,11854,0.28000000000,1
433,11966,12081,0.33000000000,3
434,15225,15226,0.07000000000,3
435,12283,15235,0.24000000000,2
436,12519,12481,0.15000000000,2
437,11116,11114,0.38000000000,3
438,11116,11119,0.43000000000,2
439,11435,11506,0.14000000000,1
440,11104,10939,0.50000000000,3
441,12683,12627,0.36000000000,2
442,12690,12687,0.20000000000,1
443,12690,12685,0.08000000000,1
444,12534,12528,0.06000000000,3
445,11942,11958,0.09000000000,2
446,11294,11092,0.51000000000,1
447,11441,11520,0.14000000000,2
448,11630,11785,0.40000000000,3
449,15210,12001,0.22000000000,5
450,11544,11477,0.13000000000,1
451,12149,12132,0.26000000000,2
452,11613,11563,0.07000000000,2
453,12348,12242,0.38000000000,2
454,11155,11148,0.97000000000,2
455,15241,12766,0.23000000000,3
456,11107,11114,0.19000000000,3
457,12352,12362,0.29000000000,1
458,14723,11575,0.16000000000,4
459,11196,11215,0.06000000000,1
460,11505,11506,0.48000000000,2
461,11766,11767,0.11000000000,1
462,12225,12203,0.13000000000,1
463,12475,12470,0.06000000000,1
464,11564,11611,0.14000000000,3
465,12403,12318,0.25000000000,1
466,14745,14746,0.09000000000,1
467,11812,11882,0.18000000000,1
468,12251,12271,0.08000000000,1
469,11321,11319,0.21000000000,1
470,11509,2518,0.32000000000,3
471,12336,12349,0.51000000000,2
472,12047,12034,0.18000000000,1
473,12687,12690,0.20000000000,1
474,12485,12484,0.10000000000,1
475,12485,12488,0.10000000000,1
476,12481,12475,0.08000000000,1
477,11624,11782,0.51000000000,1
478,12481,12473,0.02000000000,2
479,12617,12618,0.56000000000,3
480,12617,12612,0.50000000000,3
481,2674,11712,0.16000000000,2
482,11816,11814,0.24000000000,3
483,12611,12609,0.12000000000,2
484,14790,11573,0.15000000000,4
485,12554,12547,0.14000000000,1
486,11170,11163,0.11000000000,1
487,11111,11099,0.06000000000,2
488,12025,11910,0.50000000000,1
489,12879,12898,0.20000000000,2
490,12402,12393,0.05000000000,1
491,12170,12174,0.34000000000,1
492,11174,11175,0.24000000000,1
493,11174,11176,0.07000000000,2
494,12763,12851,0.12000000000,2
495,11078,11059,0.12000000000,1
496,11323,11168,0.37000000000,1
497,11299,11093,0.51000000000,2
498,12099,11984,0.70000000000,3
499,11933,11966,0.14000000000,3
500,12032,11978,0.19000000000,1
501,12405,12419,0.05000000000,2
502,11964,12002,0.18000000000,3
503,14051,14055,0.25000000000,1
504,11438,11475,0.08000000000,1
505,11913,11873,0.16000000000,3
506,12466,12469,0.07000000000,1
507,11980,12014,0.11000000000,1
508,12242,12209,0.21000000000,2
509,14721,14692,0.21000000000,5
510,12105,12113,0.26000000000,3
511,12355,12103,1.01000000000,1
512,12536,12513,0.15000000000,1
513,11963,12115,0.53000000000,2
514,14776,14782,0.18000000000,4
515,11321,11305,0.15000000000,1
516,11409,11458,0.13000000000,1
517,12398,12445,0.23000000000,1
518,12150,12152,0.11000000000,1
519,11495,11459,0.09000000000,1
520,12037,11971,0.25000000000,1
521,12106,12109,0.50000000000,3
522,11137,11135,0.29000000000,2
523,12424,12422,0.08000000000,1
524,12424,12428,0.05000000000,1
525,11703,11672,0.55000000000,4
526,11707,11709,0.22000000000,4
527,12610,12613,0.81000000000,2
528,12150,12060,0.22000000000,1
529,11447,11362,0.20000000000,1
530,11734,11706,0.16000000000,1
531,2676,11694,0.16000000000,2
532,12447,12343,0.38000000000,1
533,12614,14052,0.06000000000,4
534,14731,14732,0.09000000000,1
535,11542,11546,0.07000000000,1
536,12121,12066,0.04000000000,2
537,12664,12701,0.25000000000,1
538,11293,11274,0.06000000000,1
539,11293,11272,0.11000000000,1
540,12049,12068,0.13000000000,2
541,12698,12697,0.01000000000,1
542,11187,11191,0.36000000000,2
543,12449,12463,0.07000000000,1
544,12273,12291,0.09000000000,1
545,12515,12494,0.10000000000,2
546,11810,11869,0.16000000000,3
547,14726,14731,0.10000000000,1
548,2469,2543,0.22000000000,5
549,11618,11603,0.17000000000,1
550,12843,12876,0.32000000000,2
551,11870,11875,0.41000000000,1
552,11055,11072,0.06000000000,1
553,12555,12549,0.12000000000,1
554,14735,11664,0.11000000000,2
555,12099,12281,0.76000000000,3
556,11853,11762,0.28000000000,3
557,14719,14720,0.11000000000,1
558,12113,12105,0.26000000000,3
559,11291,11290,0.01000000000,1
560,11771,11756,0.08000000000,1
561,14771,14780,0.02000000000,2
562,14703,14704,0.18000000000,1
563,11435,11368,0.16000000000,1
564,11186,11181,0.28000000000,2
565,11970,11878,0.09000000000,5
566,11046,11077,0.18000000000,3
567,11275,11292,0.11000000000,1
568,12350,12345,0.12000000000,2
569,11140,11168,0.13000000000,1
570,11157,11174,0.15000000000,1
571,11788,11750,0.19000000000,2
572,11623,11657,0.18000000000,1
573,14041,12365,0.25000000000,3
574,12306,14044,0.28000000000,3
575,12563,12557,0.04000000000,1
576,11027,11055,0.12000000000,1
577,12447,12448,0.03000000000,1
578,11668,11667,0.17000000000,1
579,11143,11148,0.22000000000,2
580,11143,11142,0.14000000000,2
581,11503,11506,0.27000000000,2
582,12373,12366,0.10000000000,2
583,14709,14708,0.29000000000,2
584,14785,14784,0.13000000000,5
585,15233,15223,0.43000000000,3
586,11148,11155,0.97000000000,2
587,11381,11441,0.14000000000,2
588,11219,11191,0.07000000000,1
589,11683,2169,0.23000000000,2
590,11512,14704,0.17000000000,1
591,2593,11759,0.16000000000,2
592,12166,12209,0.20000000000,2
593,12079,12113,0.14000000000,2
594,11699,11714,0.23000000000,1
595,11936,11897,0.12000000000,1
596,12201,12176,0.12000000000,2
597,12473,12446,0.08000000000,2
598,12422,12539,0.44000000000,3
599,11739,2593,0.17000000000,2
600,11884,11890,0.08000000000,1
601,11355,11283,0.17000000000,3
602,11458,11459,0.14000000000,1
603,11098,11097,0.14000000000,2
604,11396,11507,0.22000000000,1
605,11734,11781,0.14000000000,3
606,14763,14739,0.36000000000,4
607,11096,11060,0.08000000000,1
608,14714,14712,0.20000000000,5
609,12420,12455,0.09000000000,2
610,11967,11980,0.08000000000,1
611,15240,12730,0.10000000000,2
612,11092,11294,0.51000000000,1
613,11608,11583,0.14000000000,2
614,11193,11178,0.05000000000,1
615,11455,11358,0.22000000000,1
616,12471,12468,0.06000000000,1
617,14084,11654,0.28000000000,3
618,12003,12015,0.09000000000,2
619,11599,11544,0.11000000000,1
620,11694,2672,0.17000000000,2
621,11269,11314,0.09000000000,1
622,14792,14791,0.12000000000,3
623,12857,12865,0.09000000000,1
624,11654,14109,0.09000000000,1
625,12106,12098,0.38000000000,3
626,12354,12284,0.24000000000,2
627,14711,14702,0.15000000000,3
628,11788,11867,0.10000000000,2
629,15228,15229,0.21000000000,2
630,12463,12449,0.07000000000,1
631,11963,11832,0.49000000000,3
632,12439,12449,0.08000000000,1
633,11772,11797,0.09000000000,2
634,12281,12099,0.76000000000,3
635,12317,12346,0.02000000000,1
636,12210,12163,0.21000000000,1
637,11603,11618,0.17000000000,1
638,12629,12503,0.51000000000,1
639,11551,11578,0.06000000000,3
640,11712,2702,0.18000000000,2
641,12030,11979,0.28000000000,3
642,15221,12037,0.21000000000,1
643,12345,12350,0.12000000000,2
644,12114,12113,0.44000000000,3
645,14694,14695,0.13000000000,4
646,12766,12651,0.80000000000,3
647,11964,11864,0.38000000000,3
648,11758,11751,0.21000000000,5
649,14780,14779,0.18000000000,1
650,12304,12299,0.07000000000,1
651,11323,11342,0.09000000000,1
653,11660,11669,0.02000000000,1
654,2543,2598,0.24000000000,2
655,11368,11332,0.14000000000,1
656,12457,12448,0.06000000000,1
657,5338,5341,0.08000000000,3
658,11259,11271,0.01000000000,1
659,11669,11667,0.33000000000,1
660,11669,11660,0.02000000000,1
661,11635,11602,0.10000000000,1
662,12376,12417,0.36000000000,2
663,14456,11903,0.38000000000,1
664,11501,11476,0.06000000000,1
665,11459,11458,0.14000000000,1
666,12691,12688,0.04000000000,1
667,14787,11533,0.04000000000,2
668,11286,11205,0.28000000000,2
669,14786,14787,0.20000000000,1
670,11978,11855,0.50000000000,1
671,11934,11927,0.07000000000,1
672,12687,12826,0.43000000000,1
673,12095,12107,0.16000000000,1
674,15216,15210,0.19000000000,4
675,11884,14759,0.10000000000,2
676,11399,11361,0.11000000000,1
677,12355,14460,0.23000000000,1
678,12503,14463,0.92000000000,1
679,12539,12422,0.44000000000,3
680,11940,11929,0.09000000000,2
681,11676,11628,0.18000000000,2
682,15214,15215,0.08000000000,1
683,11984,11869,0.16000000000,3
684,12454,12483,0.08000000000,1
685,12563,12612,0.12000000000,1
686,11859,11790,0.18000000000,1
687,11102,11103,0.23000000000,2
688,11102,11100,0.22000000000,2
689,15237,12542,0.10000000000,3
690,14113,14114,0.10000000000,1
691,11477,11359,0.26000000000,1
692,11578,14696,0.12000000000,1
693,12167,12184,0.09000000000,1
694,12863,12716,0.56000000000,1
695,15220,15219,0.14000000000,2
696,11816,11822,0.50000000000,3
697,11191,11219,0.07000000000,1
698,11563,14780,0.05000000000,2
699,11089,11090,0.18000000000,2
700,14729,14730,0.05000000000,1
701,12608,12609,0.21000000000,2
702,11100,11101,0.06000000000,2
703,11100,11102,0.22000000000,2
704,12349,12281,0.24000000000,3
705,11628,11676,0.18000000000,2
706,12349,12422,0.31000000000,3
707,2598,2615,0.35000000000,1
708,12619,14055,0.45000000000,4
709,12132,12149,0.26000000000,2
710,14780,14772,0.07000000000,2
711,12115,11963,0.53000000000,2
712,11760,11785,0.25000000000,2
713,12385,12345,0.16000000000,1
714,12346,12339,0.38000000000,1
715,11710,11704,0.11000000000,1
716,11214,11096,0.33000000000,1
717,12349,12340,0.26000000000,2
718,12286,12351,0.22000000000,2
719,14696,14769,0.16000000000,2
720,11563,11613,0.07000000000,2
721,11635,11680,0.15000000000,1
722,14712,14713,0.45000000000,4
723,12666,12821,0.66000000000,2
724,14737,14736,0.07000000000,2
725,15212,15213,0.14000000000,2
726,12452,12450,0.07000000000,1
727,12452,12456,0.09000000000,1
728,15215,12180,0.13000000000,2
729,11090,11091,0.18000000000,2
730,15217,15218,0.09000000000,4
731,11268,11264,0.35000000000,1
732,11268,11267,0.12000000000,1
733,11168,11174,0.53000000000,2
734,11168,11173,0.15000000000,2
735,11283,11116,0.49000000000,3
736,12237,12224,0.08000000000,1
737,12119,12117,0.11000000000,2
738,12121,12132,0.05000000000,2
739,11141,11137,0.26000000000,2
740,12451,12447,0.09000000000,1
741,11685,11675,0.06000000000,1
742,11549,11579,0.09000000000,2
743,11506,11590,0.20000000000,1
744,12716,12863,0.56000000000,1
745,11332,11259,0.12000000000,1
746,12642,12619,0.25000000000,3
747,15219,15210,0.07000000000,1
748,11497,11496,0.51000000000,2
749,11668,11505,0.50000000000,2
750,11960,11930,0.12000000000,2
751,14759,11877,0.17000000000,2
752,11082,11080,0.21000000000,2
753,5176,5338,0.18000000000,3
754,11496,11717,0.70000000000,2
755,12362,12358,0.07000000000,1
756,12362,12352,0.29000000000,1
757,4964,4979,0.20000000000,2
758,11283,11355,0.17000000000,3
759,12318,12275,0.25000000000,1
760,11775,2520,0.13000000000,3
761,10939,11104,0.50000000000,3
762,12151,12167,0.07000000000,1
763,15260,12033,0.17000000000,2
764,12513,12401,0.37000000000,1
765,12520,12505,0.08000000000,1
766,2519,5700,0.22000000000,3
767,11147,11101,0.10000000000,1
768,12349,12336,0.51000000000,2
769,12318,12334,0.34000000000,1
770,5981,6124,0.27000000000,3
771,11077,11113,0.19000000000,3
772,11550,14786,0.09000000000,5
773,12521,12524,0.50000000000,2
774,11721,11623,0.11000000000,3
775,12503,12629,0.51000000000,1
776,11913,5744,0.15000000000,1
777,11476,11501,0.06000000000,1
778,12173,15227,0.17000000000,3
779,11109,11110,0.19000000000,2
780,12267,12218,0.23000000000,2
781,12108,12182,0.29000000000,2
782,14460,12354,0.27000000000,1
783,11495,4964,0.20000000000,2
784,12373,12376,0.11000000000,2
785,12484,12491,0.05000000000,1
786,11903,11782,0.36000000000,1
787,11748,2615,0.17000000000,2
788,2533,2568,0.07000000000,1
789,12507,12541,0.18000000000,2
790,12334,12396,0.18000000000,1
791,11905,11910,0.08000000000,2
792,11951,11870,0.14000000000,2
793,11055,11027,0.12000000000,1
794,12725,12758,0.13000000000,2
795,12180,12174,0.50000000000,1
796,12628,12629,0.33000000000,1
797,12099,12100,0.12000000000,3
798,12411,12402,0.06000000000,1
799,11238,11313,0.14000000000,1
800,12103,12355,1.01000000000,1
801,11104,11098,0.25000000000,2
802,14748,14750,0.14000000000,5
803,12109,12191,0.35000000000,3
804,11931,11936,0.05000000000,2
805,11313,11238,0.14000000000,1
806,11958,11981,0.14000000000,2
807,11438,11402,0.09000000000,1
808,11816,11864,0.12000000000,3
809,12455,12494,0.10000000000,2
810,12623,12614,0.31000000000,4
811,12098,12102,0.12000000000,3
812,11679,14190,0.20000000000,5
813,12196,15228,0.04000000000,2
814,12505,12464,0.15000000000,1
815,12393,12402,0.05000000000,1
816,11376,11418,0.13000000000,1
817,12184,12200,0.07000000000,1
818,12523,12532,0.05000000000,1
819,12519,12551,0.19000000000,2
820,14690,14689,0.68000000000,3
821,11770,11783,0.07000000000,2
822,11821,5694,0.38000000000,3
823,11362,11326,0.14000000000,1
824,15236,15238,0.44000000000,3
825,12547,12554,0.14000000000,1
826,12549,12532,0.12000000000,1
827,11205,11143,0.13000000000,2
828,12217,12115,0.46000000000,2
829,11046,5202,0.18000000000,1
830,14774,14775,0.07000000000,1
831,11884,11848,0.17000000000,2
832,11274,11261,0.06000000000,1
833,12656,12582,0.37000000000,1
834,15259,15260,0.12000000000,2
835,12612,12617,0.50000000000,3
836,11929,11940,0.09000000000,2
837,11714,11699,0.23000000000,1
838,4964,11495,0.20000000000,2
839,12615,12613,0.50000000000,2
840,11561,11566,0.31000000000,2
841,11967,11952,0.08000000000,1
842,12261,12275,0.05000000000,1
843,12491,12504,0.08000000000,1
844,5341,5347,0.21000000000,3
845,12724,12725,0.11000000000,2
846,12724,12722,0.12000000000,2
847,11093,11299,0.51000000000,2
848,12553,12536,0.14000000000,1
849,11089,10854,0.75000000000,2
850,12033,12025,0.26000000000,1
851,11737,11729,0.06000000000,2
852,11507,11494,0.50000000000,2
853,11178,11147,0.13000000000,1
854,11742,11736,0.06000000000,2
855,11690,11696,0.10000000000,5
856,12014,12034,0.08000000000,1
857,11782,11624,0.51000000000,1
858,12497,12503,0.69000000000,1
859,15258,15259,0.12000000000,2
860,12334,12318,0.34000000000,1
861,11878,11853,0.37000000000,5
862,11171,11163,0.24000000000,2
863,12377,12376,0.06000000000,2
864,15242,15243,0.29000000000,3
865,11335,11554,0.52000000000,2
866,12439,12432,0.04000000000,1
867,12043,11987,0.15000000000,2
868,12664,12656,0.24000000000,1
869,11821,11823,0.53000000000,3
870,10974,11103,0.45000000000,2
871,12394,12392,0.35000000000,1
872,12394,12397,1.08000000000,1
873,6124,12222,0.37000000000,3
874,14795,14796,0.07000000000,1
875,12405,12389,0.09000000000,2
876,12353,12363,0.12000000000,1
877,11687,11604,0.29000000000,3
878,12385,12393,0.04000000000,1
879,12104,12071,0.02000000000,1
880,11579,11592,0.13000000000,2
881,11942,11936,0.06000000000,2
882,11342,11323,0.09000000000,1
883,12478,12521,0.17000000000,1
884,12631,12629,0.31000000000,1
885,12338,12471,0.44000000000,3
886,14750,14756,0.46000000000,5
887,11755,11740,0.05000000000,2
888,12214,6882,0.16000000000,3
889,12357,12391,0.15000000000,2
890,12507,12461,0.15000000000,2
891,12456,12451,0.07000000000,1
892,11848,11884,0.17000000000,2
893,12469,12466,0.07000000000,1
894,12432,12439,0.04000000000,1
895,2274,11781,0.27000000000,2
896,11603,11599,0.13000000000,1
897,12461,12507,0.15000000000,2
898,11163,11171,0.24000000000,2
899,12716,12718,0.22000000000,1
900,11569,11583,0.08000000000,2
901,14052,12623,0.37000000000,4
902,12618,12617,0.56000000000,3
903,11667,11668,0.17000000000,1
904,11114,11116,0.38000000000,3
905,15234,15224,0.25000000000,2
906,11259,11252,0.09000000000,1
907,11191,11187,0.36000000000,2
908,11520,11441,0.14000000000,2
909,12479,15257,0.08000000000,1
910,11590,11506,0.20000000000,1
911,11832,11831,0.50000000000,3
912,11810,11721,0.47000000000,3
913,14754,15211,0.19000000000,5
914,15240,12766,0.07000000000,1
915,11543,11447,0.18000000000,1
916,12079,12043,0.11000000000,2
917,11376,11348,0.10000000000,1
918,12634,12679,0.37000000000,1
919,12679,12634,0.37000000000,1
920,11279,11315,0.05000000000,1
921,12493,12513,0.45000000000,1
922,11289,11294,0.19000000000,1
923,11825,12117,1.02000000000,2
924,11122,5453,0.07000000000,3
925,12527,15233,0.33000000000,3
926,12242,12348,0.38000000000,2
927,2568,11651,0.07000000000,1
928,11711,11707,0.48000000000,5
929,12034,12047,0.18000000000,1
930,11359,11477,0.26000000000,1
931,12876,12843,0.32000000000,2
932,12353,12354,0.33000000000,1
933,11511,11501,0.63000000000,2
934,12471,12552,0.38000000000,3
935,11060,10934,0.43000000000,1
936,12339,12220,0.51000000000,3
937,11575,11559,0.23000000000,4
938,11925,11952,0.11000000000,1
939,12235,12223,0.20000000000,1
940,11263,11260,0.23000000000,1
941,15257,12495,0.18000000000,2
942,11303,11298,0.09000000000,1
943,11714,11766,0.08000000000,1
944,15223,15231,0.52000000000,3
945,11566,11855,0.67000000000,2
946,14104,14105,0.11000000000,1
947,14794,14796,0.26000000000,4
948,11687,11685,0.17000000000,1
949,12549,12624,0.20000000000,1
950,11315,11311,0.09000000000,1
951,11142,11146,0.18000000000,2
952,11142,11143,0.14000000000,2
953,11416,11399,0.04000000000,1
954,12055,12011,0.20000000000,2
955,12170,12203,0.15000000000,1
956,12274,12259,0.12000000000,3
957,14787,11561,0.08000000000,2
958,11409,11303,0.31000000000,1
959,11709,11759,1.00000000000,4
960,11092,11064,0.07000000000,1
961,12149,12117,0.14000000000,2
962,11287,11496,0.50000000000,2
963,12229,12227,0.21000000000,3
964,12604,12541,0.25000000000,2
965,11707,2676,0.24000000000,2
966,11934,11971,0.14000000000,1
967,12121,12103,0.25000000000,2
968,11141,11145,0.09000000000,2
969,11505,11497,0.50000000000,2
970,11814,11831,0.27000000000,3
971,11739,11668,0.17000000000,2
972,11248,11259,0.03000000000,1
973,11662,11626,0.16000000000,4
974,15235,12376,0.04000000000,2
975,12002,12015,0.24000000000,2
976,14762,14738,0.13000000000,2
977,12363,12353,0.12000000000,1
978,12363,12351,0.05000000000,1
979,12354,12615,1.01000000000,2
980,12621,12643,0.25000000000,2
981,12697,12698,0.01000000000,1
982,11864,11816,0.12000000000,3
983,12110,12102,0.51000000000,3
984,12315,12392,0.21000000000,1
985,11785,11630,0.40000000000,3
986,2719,11708,0.52000000000,5
987,12291,12273,0.09000000000,1
988,11305,11297,0.13000000000,1
989,2209,2274,0.35000000000,5
990,11776,11760,0.36000000000,2
991,12151,12110,0.15000000000,1
992,12224,12219,0.03000000000,1
993,12480,12486,0.05000000000,1
994,11817,11810,0.43000000000,2
995,12491,12484,0.05000000000,1
996,14051,14066,0.42000000000,3
997,11740,11728,0.07000000000,2
998,11704,11720,0.06000000000,1
999,12167,12151,0.07000000000,1
1000,11657,11659,0.56000000000,5
1001,11581,14721,0.19000000000,4
1002,12095,12059,0.22000000000,3
1003,11816,11781,0.23000000000,3
1004,11245,11462,0.18000000000,2
1005,11738,11822,0.30000000000,1
1006,11101,11072,0.05000000000,1
1007,12912,12916,0.35000000000,2
1008,12446,12434,0.10000000000,2
1009,11297,11305,0.13000000000,1
1010,14290,11870,0.28000000000,1
1011,12701,12664,0.25000000000,1
1012,2533,2516,0.17000000000,3
1013,11313,11402,0.40000000000,1
1014,12471,12338,0.44000000000,3
1015,12442,12466,0.12000000000,1
1016,11694,11712,0.11000000000,2
1017,11521,11542,0.04000000000,1
1018,11904,11785,0.35000000000,2
1019,11254,11215,0.12000000000,1
1020,12411,12432,0.10000000000,1
1021,12857,12845,0.12000000000,1
1022,12206,12223,0.16000000000,1
1023,11177,11196,0.06000000000,1
1024,11522,11290,0.53000000000,2
1025,11797,11835,0.05000000000,2
1026,12237,12253,0.08000000000,1
1027,11867,11870,0.12000000000,2
1028,12109,12107,0.57000000000,3
1029,12366,12359,0.16000000000,2
1030,11930,11891,0.17000000000,2
1031,12254,12201,0.28000000000,2
1032,12623,12624,0.50000000000,4
1033,14712,11187,0.31000000000,1
1034,12479,12524,0.03000000000,4
1035,12107,12030,0.27000000000,1
1036,11719,11715,0.10000000000,3
1037,12614,14061,0.12000000000,1
1038,11303,11409,0.31000000000,1
1039,11276,11348,0.17000000000,1
1040,12351,12461,0.41000000000,2
1041,12542,12534,0.08000000000,3
1042,12551,12621,0.20000000000,2
1043,11748,11739,0.10000000000,2
1044,12718,12716,0.22000000000,1
1045,12351,12286,0.22000000000,2
1046,12464,12445,0.04000000000,1
1047,12549,12543,0.35000000000,1
1048,14768,14767,0.42000000000,4
1049,11475,11541,0.18000000000,1
1050,11960,11969,0.24000000000,2
1051,2450,11721,0.19000000000,1
1052,11396,11346,0.15000000000,1
1053,2599,2593,0.33000000000,1
1054,11215,11254,0.12000000000,1
1055,11728,11740,0.07000000000,2
1056,12612,12621,0.75000000000,3
1057,11843,11897,0.14000000000,1
1058,12624,12623,0.50000000000,4
1059,12657,12693,0.40000000000,2
1060,11060,11096,0.08000000000,1
1061,12261,12244,0.07000000000,1
1062,11730,11731,0.08000000000,1
1063,12557,12447,0.47000000000,1
1064,11744,11676,0.23000000000,2
1065,12497,12319,0.53000000000,2
1066,12176,12123,0.25000000000,2
1067,14777,14778,0.07000000000,1
1068,11106,5202,0.13000000000,3
1069,11541,11475,0.18000000000,1
1070,11455,11497,0.10000000000,1
1071,4979,5031,0.10000000000,1
1072,12609,12497,0.49000000000,2
1073,12513,12493,0.45000000000,1
1074,11523,11522,0.09000000000,2
1075,11961,11945,0.11000000000,2
1076,14747,14750,0.10000000000,1
1077,14747,14751,0.18000000000,1
1078,2564,2566,0.10000000000,2
1079,2005,11204,0.08000000000,1
1080,11618,11624,0.07000000000,1
1081,11734,11687,0.08000000000,3
1082,12725,12724,0.11000000000,2
1083,11501,11511,0.63000000000,2
1084,11936,11931,0.05000000000,2
1085,11546,11542,0.07000000000,1
1086,11783,11821,0.12000000000,2
1087,12068,12049,0.13000000000,2
1088,12222,12214,0.18000000000,3
1089,12115,12117,0.51000000000,3
1090,12115,12110,0.49000000000,3
1091,12157,12095,0.16000000000,3
1092,12635,12628,0.14000000000,1
1093,12067,12032,0.52000000000,1
1094,12209,12166,0.20000000000,2
1095,12191,12227,0.09000000000,3
1096,11418,11376,0.13000000000,1
1097,15239,15242,0.61000000000,3
1098,11506,11435,0.14000000000,1
1099,12494,12455,0.10000000000,2
1100,12422,12424,0.08000000000,1
1101,5058,5101,0.13000000000,1
1102,11503,11523,0.16000000000,2
1103,11251,11335,0.15000000000,2
1104,11891,11930,0.17000000000,2
1105,12094,12099,0.51000000000,3
1106,11755,11770,0.06000000000,2
1107,11183,11082,0.24000000000,1
1108,12334,12174,0.75000000000,1
1109,11870,11951,0.14000000000,2
1110,11501,11496,0.54000000000,2
1111,11685,11687,0.17000000000,1
1112,11770,11755,0.06000000000,2
1113,12758,12763,0.12000000000,2
1114,12289,12274,0.08000000000,3
1115,11848,11744,0.29000000000,2
1116,11718,2719,0.18000000000,4
1117,11569,11554,0.05000000000,2
1118,11290,11522,0.53000000000,2
1119,12528,12524,0.08000000000,2
1120,14724,11703,0.14000000000,4
1121,11952,11925,0.11000000000,1
1122,11855,11854,0.12000000000,1
1123,11837,11825,0.21000000000,2
1124,12419,12405,0.05000000000,2
1125,11347,11361,0.06000000000,1
1126,12851,12868,0.29000000000,2
1127,14782,14779,0.22000000000,4
1128,11751,11735,0.20000000000,5
1129,11226,11251,0.07000000000,2
1130,12098,12221,0.55000000000,3
1131,11176,11174,0.07000000000,2
1132,12503,12497,0.69000000000,1
1133,11290,11282,0.08000000000,1
1134,11178,11193,0.05000000000,1
1135,11496,11287,0.50000000000,2
1136,11890,11884,0.08000000000,1
1137,14699,14700,0.09000000000,3
1138,12624,12549,0.20000000000,1
1139,14793,14788,0.31000000000,5
1140,12034,12014,0.08000000000,1
1141,12181,12188,0.03000000000,3
1142,12168,12170,0.82000000000,1
1143,14778,11563,0.07000000000,1
1144,11831,11843,0.12000000000,1
1145,11287,11289,0.28000000000,1
1146,11137,14501,0.48000000000,2
1147,5101,5176,0.50000000000,3
1148,11583,11569,0.08000000000,2
1149,11448,11493,0.11000000000,1
1150,12457,12469,0.07000000000,1
1151,11135,11137,0.29000000000,2
1152,12582,12656,0.37000000000,1
1153,12166,12113,0.22000000000,2
1154,12541,12604,0.25000000000,2
1155,11890,11927,0.15000000000,1
1156,11447,11543,0.18000000000,1
1157,11696,11711,0.19000000000,5
1158,12117,12115,0.51000000000,3
1159,12117,12119,0.11000000000,2
1160,11305,11321,0.15000000000,1
1161,14792,11611,0.04000000000,3
1162,11185,11186,0.17000000000,1
1163,11891,11835,0.21000000000,2
1164,12358,12362,0.07000000000,1
1165,2566,2582,0.07000000000,1
1166,12868,12879,0.06000000000,2
1167,11897,11843,0.14000000000,1
1168,12845,12857,0.12000000000,1
1169,11181,11176,0.20000000000,2
1170,11205,11286,0.28000000000,2
1171,11101,11147,0.10000000000,1
1172,12515,12634,0.50000000000,2
1173,12685,12690,0.08000000000,1
1174,5058,4964,0.10000000000,1
1175,11723,11669,0.16000000000,1
1176,11971,11934,0.14000000000,1
1177,12217,12286,0.33000000000,2
1178,11725,11710,0.13000000000,1
1179,12110,12151,0.15000000000,1
1180,11214,11248,0.11000000000,1
1181,11940,11945,0.06000000000,2
1182,11294,11295,0.14000000000,1
1183,12108,12103,1.22000000000,2
1184,11080,11086,0.19000000000,2
1185,11080,11082,0.21000000000,2
1186,12396,12334,0.18000000000,1
1187,14733,14724,0.11000000000,4
1188,2674,2702,0.33000000000,1
1189,12098,12106,0.38000000000,3
1190,11177,11160,0.06000000000,1
1191,11215,11196,0.06000000000,1
1192,12426,12450,0.07000000000,1
1193,2005,11170,0.05000000000,1
1194,11704,11710,0.11000000000,1
1195,5738,5803,0.24000000000,3
1196,11441,11381,0.14000000000,2
1197,14753,11762,0.14000000000,1
1198,14794,11630,0.28000000000,1
1199,11146,11142,0.18000000000,2
1200,11146,11145,0.08000000000,2
1201,11822,11738,0.30000000000,1
1202,15232,12417,0.18000000000,1
1203,12098,12049,0.16000000000,3
1204,12218,12267,0.23000000000,2
1205,12632,12609,0.09000000000,2
1206,11174,11168,0.53000000000,2
1207,11611,11564,0.14000000000,3
1208,11276,11183,0.25000000000,1
1209,12767,12763,0.06000000000,2
1210,12767,12768,0.02000000000,2
1211,11905,11877,0.09000000000,2
1212,14772,14773,0.02000000000,2
1213,15214,12145,0.10000000000,3
1214,11254,11267,0.03000000000,1
1215,2543,11718,1.10000000000,4
1216,12405,12408,0.04000000000,1
1217,12180,12196,0.07000000000,2
1218,11292,11275,0.11000000000,1
1219,12037,12035,0.11000000000,1
1220,11116,11283,0.49000000000,3
1221,12346,12317,0.02000000000,1
1222,11264,11268,0.35000000000,1
1223,11264,11265,0.07000000000,1
1224,11710,11725,0.13000000000,1
1225,11448,11416,0.06000000000,1
1226,12611,12635,0.14000000000,2
1227,14052,14055,0.19000000000,4
1228,11296,11300,0.13000000000,1
1229,12397,12360,0.30000000000,1
1230,14692,14697,0.13000000000,3
1231,14692,14693,0.15000000000,4
1232,11612,14763,0.07000000000,3
1233,11814,11816,0.24000000000,3
1234,12105,12107,0.18000000000,2
1235,12343,12340,0.24000000000,2
1236,12343,12348,0.50000000000,2
1237,11978,12032,0.19000000000,1
1238,12253,12237,0.08000000000,1
1239,12795,12767,0.07000000000,2
1240,11660,11590,0.28000000000,1
1241,12174,12180,0.50000000000,1
1242,11110,11109,0.19000000000,2
1243,11533,14468,0.30000000000,1
1244,11137,11141,0.26000000000,2
1245,11402,11438,0.09000000000,1
1246,12002,12049,0.20000000000,3
1247,14114,11535,0.10000000000,1
1248,14762,14765,0.13000000000,3
1249,12483,12489,0.04000000000,1
1250,11883,11892,0.56000000000,1
1251,11361,11347,0.06000000000,1
1252,12610,12608,0.19000000000,2
1253,12621,12619,0.75000000000,4
1254,12621,12612,0.75000000000,3
1255,11669,11723,0.16000000000,1
1256,11706,11679,0.42000000000,5
1257,14717,11410,0.12000000000,3
1258,11096,11097,0.11000000000,2
1259,11096,11094,0.17000000000,2
1260,12191,12109,0.35000000000,3
1261,14044,12221,0.27000000000,3
1262,12376,12373,0.11000000000,2
1263,12376,12377,0.06000000000,2
1264,12197,12181,0.04000000000,3
1265,11261,11274,0.06000000000,1
1266,12450,12452,0.07000000000,1
1267,12621,12551,0.20000000000,2
1268,11245,14709,0.30000000000,2
1269,11291,11308,0.05000000000,1
1270,12626,12684,0.62000000000,2
1271,12109,12081,0.18000000000,3
1272,11252,11259,0.09000000000,1
1273,11252,11256,0.06000000000,1
1274,12049,12098,0.16000000000,3
1275,12271,12300,0.18000000000,1
1276,14780,11563,0.05000000000,2
1277,2538,2557,0.11000000000,3
1278,12300,12315,0.10000000000,1
1279,11320,11319,0.25000000000,1
1280,11735,11734,0.22000000000,2
1281,11320,11314,0.06000000000,1
1282,11187,11186,0.10000000000,2
1283,12506,12547,0.23000000000,3
1284,12503,12515,0.50000000000,1
1285,11522,11604,0.23000000000,3
1286,15208,15209,0.10000000000,2
1287,11762,11733,0.09000000000,4
1288,14767,14725,0.15000000000,4
1289,11877,14759,0.17000000000,2
1290,11738,11720,0.05000000000,1
1291,11961,11963,0.12000000000,2
1292,12555,12554,0.24000000000,1
1293,11870,11867,0.12000000000,2
1294,12615,12354,1.01000000000,2
1295,12113,12114,0.44000000000,3
1296,12607,12615,0.30000000000,3
1297,12826,12687,0.43000000000,1
1298,12319,12182,0.69000000000,2
1299,11298,11303,0.09000000000,1
1300,12468,12472,0.07000000000,1
1301,12468,12471,0.06000000000,1
1302,11170,2005,0.05000000000,1
1303,11265,11264,0.07000000000,1
1304,11516,11511,0.04000000000,1
1305,11785,11904,0.35000000000,2
1306,11867,11788,0.10000000000,2
1307,11835,11891,0.21000000000,2
1308,12024,11969,0.26000000000,2
1309,14776,14777,0.11000000000,1
1310,11564,11511,0.12000000000,3
1311,12345,12385,0.16000000000,1
1312,11274,11293,0.06000000000,1
1313,12108,11904,0.77000000000,2
1314,11775,14104,0.06000000000,1
1315,14784,14776,0.26000000000,5
1316,14779,11581,1.62000000000,4
1317,11512,11551,0.10000000000,3
1318,12035,15208,0.16000000000,2
1319,11181,11186,0.28000000000,2
1320,12488,12477,0.05000000000,1
1321,11493,11448,0.11000000000,1
1322,11823,11822,0.49000000000,3
1323,11823,11821,0.53000000000,3
1324,12081,12109,0.18000000000,3
1325,12419,12434,0.08000000000,2
1326,14766,11615,0.12000000000,4
1327,11766,11847,0.22000000000,1
1328,11119,11116,0.43000000000,2
1329,12617,12815,1.00000000000,3
1330,11326,11219,0.21000000000,1
1331,14732,14741,0.06000000000,1
1332,14770,14765,0.19000000000,1
1333,12523,12504,0.13000000000,1
1334,11675,11685,0.06000000000,1
1335,12377,15234,0.04000000000,2
1336,12448,12447,0.03000000000,1
1337,11651,11648,0.10000000000,2
1338,12409,12377,0.15000000000,2
1339,12233,12244,0.08000000000,1
1340,11095,11093,0.20000000000,2
1341,11095,11094,0.13000000000,2
1342,11630,11627,0.05000000000,3
1343,12489,12486,0.07000000000,1
1344,12489,12483,0.04000000000,1
1345,14756,14755,0.08000000000,5
1346,12463,12472,0.07000000000,1
1347,12315,12300,0.10000000000,1
1348,11168,11323,0.37000000000,1
1349,15248,15249,0.11000000000,3
1350,12392,12315,0.21000000000,1
1351,12821,12666,0.66000000000,2
1352,11216,11193,0.07000000000,1
1353,12035,12033,0.12000000000,1
1354,12035,12037,0.11000000000,1
1355,12439,12454,0.05000000000,1
1356,11511,11564,0.12000000000,3
1357,12251,12235,0.10000000000,1
1358,12629,12628,0.33000000000,1
1359,11712,11694,0.11000000000,2
1360,12345,12344,0.20000000000,2
1361,11831,11832,0.50000000000,3
1362,11314,11320,0.06000000000,1
1363,12102,12068,0.03000000000,2
1364,12200,12184,0.07000000000,1
1365,14752,14753,0.14000000000,1
1366,12619,12642,0.25000000000,3
1368,12547,12623,0.21000000000,3
1369,12464,12505,0.15000000000,1
1370,12701,12703,0.07000000000,1
1371,14722,14723,1.78000000000,4
1372,11072,11055,0.06000000000,1
1373,15218,15216,0.12000000000,4
1374,11869,11984,0.16000000000,3
1375,12117,12149,0.14000000000,2
1376,12691,12696,0.91000000000,1
1377,14786,14790,0.18000000000,4
1378,11104,11242,0.40000000000,3
1379,12229,12240,0.08000000000,3
1380,11135,11133,0.12000000000,2
1381,14691,14690,0.39000000000,2
1382,11256,11279,0.08000000000,1
1383,12477,12488,0.05000000000,1
1384,12541,12507,0.18000000000,2
1385,11476,11418,0.12000000000,1
1386,11864,11964,0.38000000000,3
1387,11348,11276,0.17000000000,1
1388,11823,11731,0.32000000000,3
1389,11251,11226,0.07000000000,2
1390,11361,11399,0.11000000000,1
1391,12254,12357,0.35000000000,2
1392,11347,11331,0.08000000000,1
1393,11145,11141,0.09000000000,2
1394,11145,11146,0.08000000000,2
1395,14055,14052,0.19000000000,4
1396,12445,12464,0.04000000000,1
1397,12445,12460,0.47000000000,1
1398,12398,12392,0.06000000000,1
1399,11561,14787,0.08000000000,2
1400,11561,14785,0.15000000000,1
1401,12117,11825,1.02000000000,2
1402,11756,11680,0.23000000000,1
1403,11238,11204,0.10000000000,1
1404,12410,12420,0.06000000000,2
1405,11697,11647,0.14000000000,2
1406,11122,11110,0.21000000000,2
1407,12461,12351,0.41000000000,2
1408,12024,12066,0.23000000000,2
1409,14706,14705,0.13000000000,3
1410,11497,11505,0.50000000000,2
1411,15220,15221,0.09000000000,1
1412,12267,12284,0.07000000000,2
1413,5202,11113,0.19000000000,1
1414,11089,11086,0.41000000000,2
1415,12401,12513,0.37000000000,1
1416,12462,12461,0.04000000000,1
1417,12608,12610,0.19000000000,2
1418,11520,14773,0.05000000000,2
1419,12392,12394,0.35000000000,1
1420,12392,12398,0.06000000000,1
1421,14734,14733,0.11000000000,4
1422,11750,11697,0.13000000000,2
1423,11615,11596,0.08000000000,4
1424,11268,11331,0.09000000000,1
1425,12285,14047,0.16000000000,3
1426,11628,11608,0.13000000000,2
1427,12227,12229,0.21000000000,3
1430,12767,15240,0.03000000000,2
1431,11675,11673,0.18000000000,1
1432,12449,12439,0.08000000000,1
1433,2557,2519,0.15000000000,2
1434,15224,15225,0.34000000000,3
1435,12196,12280,0.59000000000,2
1436,11331,11268,0.09000000000,1
1437,11275,11259,0.06000000000,1
1438,12109,12106,0.50000000000,3
1439,11945,11961,0.11000000000,2
1440,12470,12475,0.06000000000,1
1441,12391,12410,0.11000000000,2
1442,12626,15238,0.14000000000,1
1443,12391,12357,0.15000000000,2
1444,12011,11951,0.26000000000,1
1445,11311,11315,0.09000000000,1
1446,5744,11873,0.08000000000,1
1447,11090,11089,0.18000000000,2
1448,12455,12420,0.09000000000,2
1449,11742,11737,0.05000000000,2
1450,11695,14761,0.09000000000,3
1451,11733,11695,0.13000000000,3
1452,11381,11286,0.24000000000,2
1453,11683,11678,0.07000000000,3
1454,12119,12121,0.13000000000,2
1455,12451,12456,0.07000000000,1
1456,12296,12289,0.12000000000,3
1457,15232,15236,0.45000000000,3
1458,11495,11494,0.73000000000,2
1459,14773,11559,0.19000000000,1
1460,11173,11168,0.15000000000,2
1461,14707,14706,0.13000000000,4
1462,11082,11099,0.33000000000,2
1463,11511,11111,1.01000000000,2
1464,12609,12632,0.09000000000,2
1465,11116,11008,0.28000000000,2
1466,11925,11882,0.16000000000,1
1467,12275,12261,0.05000000000,1
1468,11835,11797,0.05000000000,2
1469,12657,12635,0.13000000000,2
1470,14468,11516,0.29000000000,1
1471,12528,15257,0.03000000000,2
1472,12047,12071,0.17000000000,1
1473,12520,12515,0.44000000000,1
1474,12351,12358,0.08000000000,1
1475,12068,12102,0.03000000000,2
1476,11147,11178,0.13000000000,1
1477,12397,12394,1.08000000000,1
1478,12609,12608,0.21000000000,2
1479,12615,12607,0.30000000000,3
1480,12521,12513,0.46000000000,1
1481,11673,11669,0.10000000000,1
1482,11109,11108,0.18000000000,2
1483,11910,11905,0.08000000000,2
1484,11910,11903,0.50000000000,1
1485,14297,11489,0.50000000000,1
1486,14290,11855,0.21000000000,1
1487,12442,12428,0.07000000000,1
1488,11489,11355,0.33000000000,3
1489,12104,12114,0.32000000000,3
1490,14720,14696,0.11000000000,1
1491,11059,11078,0.12000000000,1
1492,12613,12615,0.50000000000,2
1493,12613,12610,0.81000000000,2
1494,12299,12291,0.06000000000,1
1495,12547,12506,0.23000000000,3
1496,11854,11852,0.28000000000,1
1497,10867,11185,0.78000000000,4
1498,11308,11291,0.05000000000,1
1499,12528,12533,0.24000000000,2
1500,11736,11742,0.06000000000,2
1501,12203,12225,0.13000000000,1
1502,11781,11816,0.23000000000,3
1503,12174,12025,0.51000000000,1
1504,11185,11245,0.33000000000,4
1505,11583,11608,0.14000000000,2
1506,12181,12177,0.06000000000,1
1507,12604,12818,1.01000000000,2
1508,11854,11855,0.12000000000,1
1509,15230,15220,0.19000000000,2
1510,14764,14760,0.08000000000,3
1511,12826,12845,0.10000000000,1
1512,11971,12037,0.25000000000,1
1513,11271,11259,0.01000000000,1
1514,12366,12373,0.10000000000,2
1515,12634,12515,0.50000000000,2
1516,12703,12697,0.11000000000,1
1517,11785,11760,0.25000000000,2
1518,12532,12523,0.05000000000,1
1519,12352,12346,0.19000000000,1
1520,14760,14740,0.10000000000,1
1521,11903,11910,0.50000000000,1
1522,11335,11251,0.15000000000,2
1523,12360,12397,0.30000000000,1
1524,12843,12693,0.50000000000,2
1525,12821,12914,0.76000000000,2
1526,12604,12607,0.20000000000,3
1527,11783,11770,0.07000000000,2
1528,11728,11729,0.06000000000,2
1529,11260,11346,0.17000000000,1
1530,11160,11177,0.06000000000,1
1531,12340,12349,0.26000000000,2
1532,12340,12343,0.24000000000,2
1533,14740,14748,0.09000000000,4
1534,12624,12604,0.50000000000,4
1535,12071,12047,0.17000000000,1
1536,12420,12410,0.06000000000,2
1537,12450,12426,0.07000000000,1
1538,14757,14759,0.14000000000,1
1539,12318,12360,0.11000000000,1
1540,11331,11347,0.08000000000,1
1541,12152,12150,0.11000000000,1
1542,11826,11852,0.13000000000,1
1543,11516,14468,0.29000000000,1
1544,14792,11640,0.25000000000,1
1545,14765,14734,0.13000000000,4
1546,11683,11731,0.11000000000,3
1547,12679,12687,0.12000000000,1
1548,11831,11814,0.27000000000,3
1549,12033,12035,0.12000000000,1
1550,12038,11974,0.24000000000,1
1551,11424,14715,0.12000000000,3
1552,11424,14717,0.12000000000,3
1553,12422,12349,0.31000000000,3
1554,11589,11602,0.06000000000,1
1555,15239,12684,0.14000000000,1
1556,14788,14789,0.17000000000,4
1557,11523,11503,0.16000000000,2
1558,14769,14770,0.14000000000,2
1559,12666,12647,0.10000000000,2
1560,12627,15237,0.28000000000,2
1561,11951,12011,0.26000000000,1
1562,12408,12405,0.04000000000,1
1563,12284,12267,0.07000000000,2
1564,11772,11753,0.09000000000,2
1565,12060,12150,0.22000000000,1
1566,12454,12439,0.05000000000,1
1567,11981,12003,0.09000000000,2
1568,12271,12251,0.08000000000,1
1569,5811,5870,0.38000000000,3
1570,12513,12521,0.46000000000,1
1571,11904,12108,0.77000000000,2
1572,12815,12617,1.00000000000,3
1573,14725,11719,0.16000000000,3
1574,12631,12634,0.19000000000,1
1575,12223,12206,0.16000000000,1
1576,12194,12175,0.37000000000,3
1577,12469,12457,0.07000000000,1
1578,14700,11410,0.10000000000,2
1579,10973,11157,0.40000000000,3
1580,12338,12344,0.31000000000,2
1581,12360,12318,0.11000000000,1
1582,12473,12481,0.02000000000,2
1583,11113,11159,0.18000000000,3
1584,11566,11561,0.31000000000,2
1585,12304,12317,0.07000000000,1
1586,12916,15244,0.10000000000,3
1587,14728,14729,0.04000000000,1
1588,12300,12271,0.18000000000,1
1589,11114,11107,0.19000000000,3
1590,11859,11883,0.10000000000,1
1591,11929,11931,0.06000000000,2
1592,14723,14774,0.10000000000,1
1593,11497,11694,0.60000000000,2
1594,11082,11049,0.11000000000,1
1595,11832,11825,0.50000000000,2
1596,11542,11521,0.04000000000,1
1597,12472,12463,0.07000000000,1
1598,11855,11978,0.50000000000,1
1599,12472,12468,0.07000000000,1
1600,11226,11181,0.20000000000,2
1601,12038,12060,0.16000000000,1
1602,12536,12553,0.14000000000,1
1603,12553,12582,0.39000000000,1
1604,12105,5870,0.24000000000,1
1605,11418,11476,0.12000000000,1
1606,12123,12055,0.30000000000,2
1607,12219,12224,0.03000000000,1
1608,12102,12220,0.49000000000,3
1609,11748,11832,0.23000000000,3
1610,11289,11287,0.28000000000,1
1611,11744,11848,0.29000000000,2
1612,11260,11261,0.06000000000,1
1613,11260,11263,0.23000000000,1
1614,11627,14792,0.14000000000,3
1615,11627,14793,0.23000000000,1
1616,15213,15215,0.08000000000,2
1617,2702,2719,0.18000000000,2
1618,11464,14703,0.16000000000,1
1619,11732,11731,0.05000000000,2
1621,11475,11438,0.08000000000,1
1622,14702,14691,0.44000000000,4
1623,11729,11728,0.06000000000,2
1624,12043,12079,0.11000000000,2
1625,12168,12152,0.58000000000,1
1626,12688,12685,0.07000000000,1
1627,11689,11664,0.14000000000,3
1628,11511,11516,0.04000000000,1
1629,12488,12485,0.10000000000,1
1630,12317,12304,0.07000000000,1
1631,11736,11726,0.09000000000,2
1632,11494,11507,0.50000000000,2
1633,12188,15230,0.04000000000,2
1634,12730,12683,0.25000000000,2
1635,14791,11630,0.07000000000,3
1636,4979,11493,0.29000000000,2
1637,14705,14722,0.15000000000,3
1638,12551,12519,0.19000000000,2
1639,11270,11282,0.10000000000,1
1640,11720,11704,0.06000000000,1
1641,11265,11283,0.09000000000,1
1642,12697,12703,0.11000000000,1
1643,11219,11326,0.21000000000,1
1644,11299,11505,0.50000000000,2
1645,12403,12401,0.12000000000,1
1646,11873,11834,0.22000000000,3
1647,12543,12549,0.35000000000,1
1648,14787,11573,0.14000000000,1
1649,12543,12541,0.16000000000,1
1650,11308,11316,0.08000000000,1
1651,12032,12163,0.44000000000,1
1652,14691,11176,0.21000000000,2
1653,11832,11748,0.23000000000,3
1654,11687,11734,0.08000000000,3
1655,11522,11507,0.50000000000,2
1656,11882,11925,0.16000000000,1
1657,11725,11730,0.12000000000,1
1658,12539,12617,0.26000000000,3
1659,11108,11109,0.18000000000,2
1660,11108,11105,0.19000000000,2
1661,11781,2331,0.21000000000,2
1662,11316,11304,0.16000000000,1
1663,11316,11308,0.08000000000,1
1664,14190,11678,0.24000000000,2
1665,12011,12055,0.20000000000,2
1666,12348,12350,0.38000000000,2
1667,11680,11635,0.15000000000,1
1668,14739,14764,0.09000000000,3
1669,11302,11311,0.06000000000,1
1670,12354,14460,0.27000000000,1
1671,15227,15222,0.48000000000,3
1672,12182,12319,0.69000000000,2
1673,15227,15229,0.18000000000,1
1674,11823,11933,0.37000000000,3
1675,12494,12515,0.10000000000,2
1676,11843,11831,0.12000000000,1
1677,12684,12729,0.14000000000,2
1678,5694,11821,0.38000000000,3
1679,11554,11569,0.05000000000,2
1680,12504,12491,0.08000000000,1
1681,12898,12910,0.15000000000,2
1682,12554,12555,0.24000000000,1
1683,11358,11455,0.22000000000,1
1684,12355,12613,1.00000000000,1
1685,12188,12196,0.09000000000,2
1686,11099,11082,0.33000000000,2
1687,12170,12168,0.82000000000,1
1688,11676,11744,0.23000000000,2
1689,14773,14771,0.07000000000,2
1690,11667,11669,0.33000000000,1
1691,11533,11546,0.63000000000,1
1692,12410,12391,0.11000000000,2
1693,11359,11342,0.12000000000,1
1694,12651,12527,0.35000000000,3
1695,11302,11299,0.06000000000,1
1696,12240,12338,0.26000000000,3
1697,12495,12409,0.21000000000,2
1698,12493,12460,0.87000000000,1
1699,12470,12480,0.08000000000,1
1700,12461,12462,0.04000000000,1
1701,14759,11884,0.10000000000,2
1702,11497,11455,0.10000000000,1
1703,11464,11560,0.19000000000,3
1704,11296,11295,0.18000000000,1
1705,11958,11942,0.09000000000,2
1706,12860,12795,0.26000000000,2
1707,4964,5058,0.10000000000,1
1708,11613,11647,0.18000000000,2
1709,11459,11495,0.09000000000,1
1710,12524,12626,0.38000000000,2
1711,5700,5723,0.16000000000,3
1712,5202,11106,0.13000000000,3
1713,12623,12659,0.36000000000,3
1714,11242,11104,0.40000000000,3
1715,14771,14781,0.08000000000,1
1716,11980,11967,0.08000000000,1
1717,11760,11776,0.36000000000,2
1718,11708,11713,0.20000000000,5
1719,11903,14456,0.38000000000,1
1720,11543,11699,0.43000000000,1
1721,12319,12497,0.53000000000,2
1722,15238,15239,0.34000000000,3
1723,11078,11140,0.07000000000,1
1724,11320,11103,0.53000000000,2
1725,11311,11302,0.06000000000,1
1726,14751,11877,0.13000000000,2
1727,11186,11187,0.10000000000,2
1728,14773,11520,0.05000000000,2
1729,12104,12100,0.12000000000,3
1730,11282,11290,0.08000000000,1
1731,11712,11825,0.30000000000,2
1732,11143,14513,0.47000000000,2
1733,11790,11859,0.18000000000,1
1734,11715,11689,0.11000000000,3
1735,11410,14714,0.30000000000,5
1736,11776,11838,0.28000000000,2
1737,5016,5058,0.09000000000,1
1738,11072,11101,0.05000000000,1
1739,12286,12217,0.33000000000,2
1740,12477,12462,0.06000000000,1
1741,12722,12724,0.12000000000,2
1742,11812,11811,0.13000000000,2
1743,12445,12398,0.23000000000,1
1744,14055,12619,0.45000000000,4
1745,11346,11396,0.15000000000,1
1746,12506,12339,0.57000000000,3
1747,12693,12657,0.40000000000,2
1748,12206,12150,0.27000000000,1
1749,11131,11111,0.13000000000,2
1750,12225,12233,0.06000000000,1
1751,12015,12002,0.24000000000,2
1752,12015,12003,0.09000000000,2
1753,11730,11725,0.12000000000,1
1754,12152,12168,0.58000000000,1
1755,12763,12758,0.12000000000,2
1756,12396,12478,0.28000000000,1
1757,12220,12102,0.49000000000,3
1758,12163,12032,0.44000000000,1
1759,11193,11216,0.07000000000,1
1760,12643,12621,0.25000000000,2
1761,12059,12030,0.19000000000,3
1762,12413,12408,0.05000000000,1
1763,11204,11238,0.10000000000,1
1764,11927,11890,0.15000000000,1
1765,11496,11497,0.51000000000,2
1766,12359,12366,0.16000000000,2
1767,11979,11959,0.19000000000,3
1768,14726,14727,0.18000000000,2
1769,11731,11823,0.32000000000,3
1770,11111,10863,0.74000000000,2
1771,5347,10954,0.29000000000,3
1772,11602,11635,0.10000000000,1
1773,11496,11501,0.54000000000,2
1774,11750,11788,0.19000000000,2
1775,11186,11462,0.35000000000,1
1776,14703,14719,0.09000000000,1
1777,12149,12218,0.33000000000,2
1778,11242,11290,0.11000000000,3
1779,2047,11303,0.38000000000,1
1780,11133,11131,0.13000000000,2
1781,11133,11135,0.12000000000,2
1782,12619,12621,0.75000000000,4
1783,11106,11107,0.08000000000,3
1784,12447,12451,0.09000000000,1
1785,12515,12503,0.50000000000,1
1786,11596,14707,0.11000000000,4
1787,11892,11883,0.56000000000,1
1788,11092,11093,0.53000000000,2
1789,11092,11091,0.10000000000,2
1790,11559,11550,0.29000000000,5
1791,11148,11143,0.22000000000,2
1792,12351,12363,0.05000000000,1
1793,11346,11260,0.17000000000,1
1794,14749,14728,0.20000000000,3
1795,11094,11095,0.13000000000,2
1796,11094,11096,0.17000000000,2
1797,2274,2331,0.45000000000,4
1798,11987,11947,0.19000000000,2
1799,12103,12121,0.25000000000,2
1800,12184,12167,0.09000000000,1
1801,11753,11717,0.20000000000,2
1802,14746,14751,0.30000000000,2
1803,11822,11823,0.49000000000,3
1804,11837,11835,0.57000000000,2
1805,11947,11987,0.19000000000,2
1806,11489,11493,0.60000000000,2
1807,14110,2516,0.10000000000,1
1808,11625,14792,0.23000000000,1
1809,11625,14797,0.22000000000,4
1810,12851,15242,0.09000000000,1
1811,11717,11496,0.70000000000,2
1812,11969,12024,0.26000000000,2
1813,2516,5016,0.29000000000,3
1816,12389,12405,0.09000000000,2
1817,11933,11823,0.37000000000,3
1818,12634,12631,0.19000000000,1
1819,11175,11464,0.40000000000,4
1820,14725,14726,0.14000000000,2
1821,12259,12194,0.22000000000,3
1822,12656,12664,0.24000000000,1
1823,12233,12225,0.06000000000,1
1824,11959,11913,0.18000000000,3
1825,12221,12285,0.31000000000,3
1826,12552,12471,0.38000000000,3
1827,11620,11424,0.13000000000,4
1828,11608,11628,0.13000000000,2
1829,11342,11359,0.12000000000,1
1830,11573,11625,0.29000000000,5
1831,14797,11640,0.25000000000,4
1832,11673,11675,0.18000000000,1
1833,11756,11771,0.08000000000,1
1834,11838,11776,0.28000000000,2
1835,11624,11618,0.07000000000,1
1836,12200,12219,0.11000000000,1
1837,11855,11566,0.67000000000,2
1838,12066,12024,0.23000000000,2
1839,11137,11052,0.18000000000,2
1840,11332,11368,0.14000000000,1
1841,2447,2450,0.53000000000,5
1842,14752,14749,0.16000000000,1
1843,11654,11651,0.14000000000,1
1844,11835,11837,0.57000000000,2
1845,11835,11838,0.10000000000,2
1846,11720,11738,0.05000000000,1
1847,11303,2047,0.38000000000,1
1848,12275,12318,0.25000000000,1
1849,11304,11316,0.16000000000,1
1850,11283,11265,0.09000000000,1
1851,5694,5744,0.11000000000,1
1852,11669,11673,0.10000000000,1
1853,12174,12170,0.34000000000,1
1854,11785,11826,0.33000000000,1
1855,15229,12283,0.22000000000,3
1856,11155,11163,0.02000000000,2
1857,5453,5347,0.21000000000,1
1858,6882,14041,0.17000000000,3
1859,11723,11786,0.23000000000,1
1860,11786,11723,0.23000000000,1
1861,12716,12714,0.19000000000,1
1862,12714,12716,0.19000000000,1
1863,14501,11533,0.53000000000,2
1864,11533,14501,0.53000000000,2
1865,14744,14740,0.09000000000,1
1866,14743,14744,0.07000000000,1
1867,14738,14743,0.08000000000,1
1868,14738,14746,0.21000000000,1
1869,11878,14757,0.19000000000,2
1870,11877,14758,0.12000000000,2
1871,11853,14749,0.18000000000,2
1872,14758,14756,0.13000000000,2
1873,12359,12310,0.10000000000,2
1874,12310,12359,0.10000000000,2
1875,12310,12280,0.20000000000,2
1876,12280,12310,0.20000000000,2
1877,12283,15222,0.08000000000,1
1878,15223,15224,0.12000000000,1
1879,12334,12310,0.09000000000,2
1880,12310,12334,0.09000000000,2
1881,12725,12729,0.19000000000,1
1882,12729,12725,0.19000000000,1
1883,15241,12795,0.08000000000,1
1884,14700,14701,0.10000000000,2
1885,14701,14702,0.12000000000,1
1886,12651,15237,0.14000000000,1
1887,12737,12734,0.06000000000,1
1888,11149,11191,0.17000000000,2
1889,10854,11089,0.75000000000,2
1890,11064,11092,0.07000000000,1
1892,11890,11898,0.12000000000,1
1893,12378,12377,0.07000000000,1
1894,12752,12762,0.07000000000,1
1895,12762,12769,0.07000000000,1
1896,12818,12604,1.01000000000,2
1898,12769,12762,0.07000000000,1
1899,14060,14052,0.11000000000,1
1900,12752,12737,0.06000000000,1
1901,12762,12752,0.07000000000,1
1902,11049,11082,0.11000000000,1
1903,12734,12737,0.06000000000,1
1904,12377,12378,0.07000000000,1
1905,11052,11137,0.18000000000,2
1906,14513,11143,0.47000000000,2
1907,10863,11111,0.74000000000,2
1908,14052,14060,0.11000000000,1
1909,11898,11890,0.12000000000,1
1910,12737,12752,0.06000000000,1
1911,12918,15250,0.09000000000,3
1912,11191,11194,0.09000000000,2
1913,11194,11191,0.09000000000,2
1914,11191,11149,0.17000000000,2
1915,100,101,0.00000000000,0
1916,101,12863,0.00000000000,0
1917,12863,101,0.00000000000,0
1918,101,103,0.00000000000,0
1919,103,101,0.00000000000,0
1920,101,105,0.00000000000,0
1921,12912,100,0.00000000000,0
1922,102,12912,0.00000000000,0
1923,104,103,0.00000000000,0
1924,103,102,0.00000000000,0
1925,100,105,0.00000000000,0
1926,104,102,0.00000000000,0
1927,106,103,0.00000000000,0
1928,103,106,0.00000000000,0
1929,12876,109,0.00000000000,0
1930,12885,12865,0.00000000000,0
1931,12865,12885,0.00000000000,0
1932,12892,12885,0.00000000000,0
1933,12885,12881,0.00000000000,0
1934,109,108,0.00000000000,0
1935,108,107,0.00000000000,0
1936,12892,12881,0.00000000000,0
1937,109,107,0.00000000000,0
1938,12881,12876,0.00000000000,0
1939,12885,108,0.00000000000,0
1941,110,108,0.00000000000,0
1943,105,12892,0.00000000000,0
1945,111,112,0.00000000000,0
1946,112,111,0.00000000000,0
1947,12910,12916,0.00000000000,0
1948,12916,12910,0.00000000000,0
1949,112,12916,0.00000000000,0
1950,112,12910,0.00000000000,0
1952,12916,112,0.00000000000,0
1953,12909,12886,0.00000000000,0
1954,119,120,0.00000000000,0
1955,120,12909,0.00000000000,0
1958,122,12918,0.00000000000,0
1959,15249,121,0.00000000000,0
1960,12917,15245,0.00000000000,0
1962,5453,5202,0.00000000000,2
1963,5202,5453,0.00000000000,2
1964,5176,5453,0.00000000000,2
1965,11122,10952,0.00000000000,1
1966,5453,11122,0.00000000000,2
1967,11110,11122,0.00000000000,2
1968,150,151,0.00000000000,3
1969,151,5031,0.00000000000,1
1970,11159,150,0.00000000000,5
1971,150,11379,0.00000000000,3
1972,151,160,0.00000000000,2
1973,5031,160,0.00000000000,1
1974,160,152,0.00000000000,3
1975,152,170,0.00000000000,1
1976,152,153,0.00000000000,2
1977,153,14113,0.00000000000,1
1978,170,181,0.00000000000,1
1979,2518,2538,0.00000000000,3
1980,153,200,0.00000000000,2
1981,200,201,0.00000000000,2
1982,201,180,0.00000000000,2
1983,204,14083,0.00000000000,1
1984,181,210,0.00000000000,1
1985,2635,210,0.00000000000,1
1986,210,220,0.00000000000,2
1987,251,2563,0.00000000000,1
1988,251,255,0.00000000000,2
1989,255,256,0.00000000000,2
1990,256,257,0.00000000000,2
1991,257,222,0.00000000000,2
1992,255,258,0.00000000000,1
1993,258,259,0.00000000000,1
1994,259,223,0.00000000000,1
1995,220,222,0.00000000000,1
1996,220,223,0.00000000000,1
1997,2557,260,0.00000000000,1
1998,260,223,0.00000000000,2
1999,222,262,0.00000000000,2
2000,262,263,0.00000000000,2
2001,223,264,0.00000000000,4
2002,264,300,0.00000000000,3
2003,300,11812,0.00000000000,3
2004,11812,300,0.00000000000,3
2005,300,264,0.00000000000,3
2006,264,5782,0.00000000000,1
2007,300,301,0.00000000000,2
2008,301,300,0.00000000000,2
2009,301,302,0.00000000000,2
2010,302,301,0.00000000000,2
2011,302,11947,0.00000000000,2
2012,11947,302,0.00000000000,2
2013,5782,305,0.00000000000,1
2014,263,305,0.00000000000,2
2015,305,306,0.00000000000,3
2016,306,308,0.00000000000,1
2017,308,307,0.00000000000,1
2018,306,5805,0.00000000000,2
2019,307,310,0.00000000000,3
2020,310,12105,0.00000000000,3
2021,5738,311,0.00000000000,2
2022,311,309,0.00000000000,2
2023,309,307,0.00000000000,2
2024,5694,264,0.00000000000,2
2025,264,5694,0.00000000000,3
2026,5694,312,0.00000000000,2
2027,312,11834,0.00000000000,2
2028,11678,314,0.00000000000,2
2029,314,14084,0.00000000000,1
2030,314,314,0.00000000000,1
2031,315,14082,0.00000000000,4
2032,14190,313,0.00000000000,5
2033,313,315,0.00000000000,4
2034,313,316,0.00000000000,2
2035,316,14084,0.00000000000,2
2036,180,202,0.00000000000,2
2037,202,203,0.00000000000,2
2038,328,2169,0.00000000000,5
2039,326,328,0.00000000000,6
2040,327,326,0.00000000000,2
2041,2655,326,0.00000000000,4
2042,203,190,0.00000000000,2
2043,327,11683,0.00000000000,2
2044,14083,327,0.00000000000,3
2045,190,14093,0.00000000000,3
2046,171,204,0.00000000000,1
2047,324,171,0.00000000000,4
2048,171,2655,0.00000000000,3
2049,325,251,0.00000000000,3
2050,323,325,0.00000000000,1
2051,323,324,0.00000000000,1
2052,322,324,0.00000000000,3
2053,2450,322,0.00000000000,4
2054,11721,323,0.00000000000,2
2055,322,330,0.00000000000,2
2056,330,325,0.00000000000,2
2057,14082,317,0.00000000000,4
2058,11535,319,0.00000000000,1
2059,319,320,0.00000000000,2
2060,320,321,0.00000000000,1
2061,320,11623,0.00000000000,2
2062,317,318,0.00000000000,1
2063,11648,318,0.00000000000,1
2064,318,319,0.00000000000,2
2065,317,321,0.00000000000,3
2066,321,11657,0.00000000000,5
2067,14105,190,0.00000000000,1
2068,12658,14060,0.16000000000,1
2069,14060,12564,0.10000000000,1
2070,12658,12564,0.16000000000,3
2071,14055,14066,0.20000000000,1
2072,14066,14070,0.55000000000,3
2073,12723,12658,0.52000000000,3
2074,12763,12767,0.06000000000,2
2075,12769,12768,0.17000000000,2
2076,12533,12528,0.24000000000,2
2077,12734,12730,0.42000000000,1
2078,12037,12041,0.46000000000,1
2079,12041,12037,0.46000000000,1
2080,12177,12134,0.29000000000,2
2081,12134,12177,0.29000000000,2
2082,12177,15230,0.04000000000,1
2083,12177,12188,0.04000000000,2
2084,12188,12177,0.04000000000,2
2085,12280,12196,0.59000000000,2
2086,12196,12188,0.09000000000,2
2087,11623,11721,0.11000000000,3
2088,11533,14787,0.04000000000,2
2089,11875,11881,0.00000000000,1
2090,11881,11875,0.00000000000,1
2091,11623,11489,0.42000000000,3
2092,107,104,0.00000000000,4
2093,108,12885,0.00000000000,0
2094,108,110,0.00000000000,0
2095,12910,112,0.00000000000,0
2096,15245,12917,0.00000000000,0
2097,11604,11522,0.00000000000,3
2098,11604,11687,0.00000000000,3
2099,10932,11093,0.00000000000,2
2100,11767,11766,0.00000000000,1
2101,11847,11890,0.00000000000,1
2102,11103,10974,0.00000000000,2
2103,12918,341,0.00000000000,1
2104,342,15249,0.00000000000,1
2105,347,12882,0.00000000000,3
2106,15243,346,0.00000000000,4
2107,343,350,0.00000000000,2
2108,350,347,0.00000000000,1
2109,15250,347,0.00000000000,3
2110,346,15248,0.00000000000,3
2111,346,345,0.00000000000,1
2112,341,340,0.00000000000,3
2113,341,15245,0.00000000000,2
2114,15245,343,0.00000000000,1
2115,340,343,0.00000000000,2
2116,15245,340,0.00000000000,3
2117,340,15245,0.00000000000,3
2118,15244,342,0.00000000000,1
2119,340,342,0.00000000000,2
2120,345,15244,0.00000000000,2
2121,345,340,0.00000000000,3
2122,15244,340,0.00000000000,3
2123,340,15244,0.00000000000,3
